{
  "styles": [
    {
      "text1": {
        "size": 22,
        "isBold": true,
        "textColor": "#FF615D"
      },
      "text2": {
        "size": 22,
        "isBold": true,
        "textColor": "#FFFFFF"
      },
      "text3": {
        "size": 16,
        "isBold": true,
        "textColor": "#2F1115"
      },
      "text4": {
        "size": 14,
        "isBold": true,
        "textColor": "#99FFFFFF"
      },
      "text5": {
        "size": 12,
        "isBold": true,
        "textColor": "#992F1115"
      },
      "text6": {
        "size": 12,
        "isBold": true,
        "textColor": "#992F1115"
      },
      "text7": {
        "size": 12,
        "isBold": false,
        "textColor": "#992F1115"
      },
      "text8": {
        "size": 16,
        "isBold": true,
        "textColor": "#FFFFFF"
      },
      "text9": {
        "size": 18,
        "isBold": true,
        "textColor": "#2F1115"
      },
      "text10": {
        "size": 12,
        "isBold": true,
        "textColor": "#E5E7FF"
      },
      "text11": {
        "size": 14,
        "isBold": true,
        "textColor": "#992F1115"
      },
      "text12": {
        "size": 16,
        "isBold": true,
        "textColor": "#2F1115"
      },
      "text13": {
        "size": 16,
        "isBold": true,
        "textColor": "#FA8F88"
      },
      "text14": {
        "size": 14,
        "isBold": true,
        "textColor": "#93A6FF"
      },
      "text15": {
        "size": 14,
        "isBold": true,
        "textColor": "#FC7269"
      },
      "text16": {
        "size": 16,
        "isBold": true,
        "textColor": "#424242"
      },
      "text17": {
        "size": 10,
        "isBold": false,
        "textColor": "#8E94A5"
      },
      "text18": {
        "size": 28,
        "isBold": false,
        "textColor": "#1A5EFF"
      },
      "text19": {
        "size": 16,
        "isBold": true,
        "textColor": "#8E94A5"
      },
      "text20": {
        "size": 18,
        "isBold": true,
        "textColor": "#FC7269"
      },
      "text21": {
        "size": 16,
        "isBold": true,
        "textColor": "#93A6FF"
      },
      "text22": {
        "size": 12,
        "isBold": false,
        "textColor": "#93A6FF"
      },
      "text23": {
        "size": 14,
        "isBold": false,
        "textColor": "#B6BBC9"
      },
      "text24": {
        "size": 14,
        "isBold": false,
        "textColor": "#FC7269"
      },
      "text25": {
        "size": 12,
        "isBold": false,
        "textColor": "#B6BBC9"
      },
      "text26": {
        "size": 16,
        "isBold": true,
        "textColor": "#93A6FF"
      },
      "text27": {
        "size": 14,
        "isBold": true,
        "textColor": "#FFFFFF"
      },
      "text28": {
        "size": 14,
        "isBold": true,
        "textColor": "#EBEEFF"
      },
      "text29": {
        "size": 18,
        "isBold": true,
        "textColor": "#80FFFFFF"
      },
      "text30": {
        "size": 16,
        "isBold": true,
        "textColor": "#FFFFFF"
      },
      "text31": {
        "size": 12,
        "isBold": true,
        "textColor": "#B3FFFFFF"
      },
      "text32": {
        "size": 12,
        "isBold": true,
        "textColor": "#FA8F88"
      },
      "text33": {
        "size": 14,
        "isBold": true,
        "textColor": "#474DEB"
      },
      "text34": {
        "size": 14,
        "isBold": false,
        "textColor": "#992F1115"
      },
      "text35": {
        "size": 18,
        "isBold": true,
        "textColor": "#424242"
      },
      "text36": {
        "size": 14,
        "isBold": false,
        "textColor": "#FF615D"
      },
      "text37": {
        "size": 12,
        "isBold": false,
        "textColor": "#992F1115"
      },
      "text38": {
        "size": 16,
        "isBold": true,
        "textColor": "#FFFFFF"
      },
      "text39": {
        "size": 16,
        "isBold": false,
        "textColor": "#2F1115"
      },
      "text40": {
        "size": 12,
        "isBold": false,
        "textColor": "#FF655B"
      },
      "text41": {
        "size": 18,
        "isBold": true,
        "textColor": "#FF615D"
      },
      "text42": {
        "size": 16,
        "isBold": true,
        "textColor": "#FC7269"
      },
      "text43": {
        "size": 18,
        "isBold": true,
        "textColor": "#FFFFFF"
      },
      "text44": {
        "size": 16,
        "isBold": true,
        "textColor": "#FFFFFF"
      },
      "backIcon1": "backIcon1.png",
      "backIcon2": "backIcon2.png",
      "backgroundImage1": "backgroundImage1.png",
      "backgroundImage2": "backgroundImage2.png",
      "backgroundImage3": "backgroundImage3.png",
      "backgroundImage4": "backgroundImage4.png",
      "backgroundImage5": "backgroundImage5.png",
      "backgroundImage6": "backgroundImage6.png",
      "backgroundImage7": "backgroundImage7.png",
      "closeIcon": "closeIcon.png",
      "starLogo": "starLogo.png",
      "star1": "star1.png",
      "star2": "star2.png",
      "maskImage1": "maskImage1.png",
      "phoneContentImage": "phoneContentImage.png",
      "selectIcon1": "selectIcon1.png",
      "musicDefaultIcon": "musicDefaultIcon.png",
      "sideMenuEntranceIcon": "sideMenuEntranceIcon.png",
      "playIcon1": "playIcon1.png",
      "playIcon2": "playIcon2.png",
      "pauseIcon1": "pauseIcon1.png",
      "currentPlaylistIcon1": "currentPlaylistIcon1.png",
      "scanIcon1": "scanIcon1.png",
      "scanIcon2": "scanIcon2.png",
      "clearIcon": "clearIcon.png",
      "sortIcon": "sortIcon.png",
      "sortIcon1": "sortIcon1.png",
      "sqIcon": "sqIcon.png",
      "hrIcon": "hrIcon.png",
      "hqIcon": "hqIcon.png",
      "singerDefaultIcon": "singerDefaultIcon.png",
      "addMusicIcon": "addMusicIcon.png",
      "rightUpIcon": "rightUpIcon.png",
      "fastScanDefaultIcon": "fastScanDefaultIcon.png",
      "fastScanSelectIcon": "fastScanSelectIcon.png",
      "editTextBackground1": "editTextBackground1.png",
      "customScanBackground": "customScanBackground.png",
      "tabDefaultBackground": "tabDefaultBackground.png",
      "tabDefaultBackground1": "tabDefaultBackground1.png",
      "tabDefaultBackground2": "tabDefaultBackground2.png",
      "tabSelectBackground": "tabSelectBackground.png",
      "tabSelectBackground1": "tabSelectBackground1.png",
      "tabCheckSelectIcon": "tabCheckSelectIcon.png",
      "tabCheckDefaultIcon": "tabCheckDefaultIcon.png",
      "cardBackground1": "cardBackground1.png",
      "scanImage": "scanImage.png",
      "editIcon": "editIcon.png",
      "oval3": "oval3.png",
      "oval2": "oval2.png",
      "oval1": "oval1.png",
      "musicIcon": "musicIcon.png",
      "scanThumb": "scanThumb.png",
      "itemBackground": "itemBackground.png",
      "upDownIcon": "upDownIcon.png",
      "sequentialIcon": "sequentialIcon.png",
      "selectionBoxColor1": "#FA8F88",
      "itemNameDefaultColor": "#2F1115",
      "itemSingerDefaultColor": "#992F1115",
      "itemDefaultColor1": "#2F1115",
      "itemSelectColor1": "#FA8F88",
      "itemSelectColor2": "#FC7269",
      "nativeButtonColor": "#FA8F88",
      "sideMenuIndicatorColor": "#FC7269",
      "tabLayoutDefaultTextColor": "#662F1115",
      "tabLayoutSelectTextColor": "#2F1115",
      "tabLayoutIndicatorColor": "#2F1115",
      "cardBackgroundColor": "#33FA8F88",
      "cardBackgroundColor1": "#80FFFFFF",
      "cardBackgroundColor2": "#21306E",
      "cardBackgroundColor3": "#A5B5F0",
      "cardBackgroundColor4": "#FEEDEF",
      "buttonColor1": "#FB8F87",
      "buttonColor2": "#FFE8EA",
      "buttonColor3": "#FA8F88",
      "itemNameTextColor": "#2F1115",
      "itemSongCountTextColor": "#802F1115",
      "newPlaylistButtonBackgroundColor": "#FE9F99",
      "tabControlCardColor": "#00FFFFFF",
      "tabFunctionCardColor": "#00FFFFFF",
      "tabBottomAdCardColor": "#FFFFFF",
      "searchBackgroundColor": "#80FFFFFF",
      "searchTextColor": "#FB8F89",
      "textColor1": "#2A2FA8",
      "textColor2": "#FFFFFF",
      "checkBoxDefaultColor": "#FFFFFF",
      "checkBoxSelectColor": "#FFFFFF",
      "itemIconDefaultColor": "#FFFFFF",
      "itemIconSelectColor": "#555AF6",
      "itemTextDefaultColor": "#FFFFFF",
      "itemTextSelectColor": "#555AF6",
      "scanItemSelectColor": "#2F1115",
      "scanItemDefaultColor": "#2F1115",
      "pathIconColor": "#FF615D",
      "tabSelectColor": "#FFFFFF",
      "tabDefaultColor": "#CCFFFFFF",
      "songsScannedCountColor": "#FDAF19",
      "switch1": {
        "switchTrackCheckedColor": "#FA8F88",
        "switchTrackNoCheckedColor": "#EDEFF4"
      },
      "musicSelectedTabColor": {
        "defaultColor": "#80FFFFFF",
        "selectedColor": "#FFFFFFFF"
      },
      "eqSelectedTabColor": {
        "defaultColor": "#80FFFFFF",
        "selectedColor": "#FFFFFFFF"
      },
      "eqCardSelectColor": {
        "defaultColor": "#42ACBFFF",
        "selectedColor": "#FFFFFFFF"
      },
      "sortItemSelectColor": {
        "defaultColor": "#FFFFFF",
        "selectedColor": "#93A6FF"
      },
      "pressedColorStyle": {
        "defaultColor": "#FF615D",
        "pressedColor": "#00FFFFFF"
      }
    }
  ],
  "design": [
    {
      "main": {
        "statusTextColorBlack": false,
        "background": "backgroundImage1",
        "sideMenuBackground": "backgroundImage2",
        "musicDefaultIcon": "musicDefaultIcon",
        "musicTitle": "text3",
        "musicSinger": "text6",
        "sideMenuText": "text3",
        "sideMenuIndicator": "sideMenuIndicatorColor",
        "sideMenuEntrance": "sideMenuEntranceIcon",
        "magicTextLogo": "text1",
        "musicPlayerTextLogo": "text2",
        "scanIcon": "scanIcon1",
        "tabLayoutDefaultTextColor": "tabLayoutDefaultTextColor",
        "tabLayoutSelectTextColor": "tabLayoutSelectTextColor",
        "tabLayoutIndicatorColor": "tabLayoutIndicatorColor",
        "playIcon": "playIcon1",
        "pauseIcon": "pauseIcon1",
        "currentPlaylistIcon": "currentPlaylistIcon1",
        "cardBackgroundColor": "cardBackgroundColor",
        "cardAdBackgroundColor": "cardBackgroundColor4",
        "adTitle": "text3",
        "adContent": "text7",
        "adButtonColor": "nativeButtonColor",
        "sqIcon": "sqIcon",
        "hrIcon": "hrIcon",
        "hqIcon": "hqIcon",
        "tabControlCard": "tabControlCardColor",
        "tabFunctionCard": "tabFunctionCardColor",
        "tabBottomAdCard": "tabBottomAdCardColor"
      },
      "songPage": {
        "playAllText": "text15",
        "sortIcon": "sortIcon",
        "noSongHintText": "text34",
        "addSongButtonColor": "buttonColor1",
        "addSongButtonText": "text8",
        "itemNameDefaultColor": "itemNameDefaultColor",
        "itemNameSelectColor": "itemSelectColor1",
        "itemSingerDefaultColor": "itemSingerDefaultColor",
        "itemSingerSelectColor": "itemSelectColor1"
      },
      "albumPage": {
        "noSongHintText": "text34",
        "addSongButtonColor": "buttonColor1",
        "addSongButtonText": "text8",
        "cardBackgroundColor": "cardBackgroundColor1"
      },
      "singerPage": {
        "noSongHintText": "text34",
        "addSongButtonColor": "buttonColor1",
        "addSongButtonText": "text8",
        "defaultIcon": "singerDefaultIcon",
        "itemSingerTextColor": "itemNameTextColor",
        "itemSongCountTextColor": "itemSongCountTextColor"
      },
      "playlistPage": {
        "newPlaylistButtonBackgroundColor": "newPlaylistButtonBackgroundColor",
        "newPlaylistText": "text30",
        "itemBackgroundColor": "cardBackgroundColor1",
        "itemListNameTextColor": "itemNameTextColor",
        "itemSongCountTextColor": "itemSongCountTextColor"
      },
      "folderPage": {
        "noSongHintText": "text34",
        "addSongButtonColor": "buttonColor1",
        "addSongButtonText": "text8",
        "itemBackgroundColor": "cardBackgroundColor1",
        "itemListNameTextColor": "itemNameTextColor",
        "itemSongCountTextColor": "itemSongCountTextColor"
      },
      "albumInfo": {
        "background": "backgroundImage1",
        "backButton": "backIcon1",
        "albumTitle": "text9",
        "singerTitle": "text11",
        "countTimeText": "text12",
        "playIcon": "playIcon2",
        "playAll": "text15",
        "itemNameDefaultColor": "itemNameDefaultColor",
        "itemNameSelectColor": "itemSelectColor1",
        "itemSingerDefaultColor": "itemSingerDefaultColor",
        "itemSingerSelectColor": "itemSelectColor1"
      },
      "singerInfo": {
        "background": "backgroundImage1",
        "backButton": "backIcon1",
        "albumTitle": "text9",
        "singerTitle": "text11",
        "countTimeText": "text12",
        "playIcon": "playIcon2",
        "playAll": "text15",
        "itemNameDefaultColor": "itemNameDefaultColor",
        "itemNameSelectColor": "itemSelectColor1",
        "itemSingerDefaultColor": "itemSingerDefaultColor",
        "itemSingerSelectColor": "itemSelectColor1"
      },
      "playlistInfo": {
        "background": "backgroundImage1",
        "backButton": "backIcon1",
        "title": "text20",
        "scanIcon": "scanIcon1",
        "playIcon": "playIcon2",
        "playAll": "text15",
        "addMusic": "addMusicIcon",
        "itemNameDefaultColor": "itemNameDefaultColor",
        "itemNameSelectColor": "itemSelectColor1",
        "itemSingerDefaultColor": "itemSingerDefaultColor",
        "itemSingerSelectColor": "itemSelectColor1",
        "noSongHintText": "text34",
        "addSongButtonColor": "buttonColor1",
        "addSongButtonText": "text8"
      },
      "folderInfo": {
        "background": "backgroundImage1",
        "backButton": "backIcon1",
        "albumTitle": "text9",
        "singerTitle": "text11",
        "countTimeText": "text12",
        "playIcon": "playIcon2",
        "playAll": "text15",
        "itemNameDefaultColor": "itemNameDefaultColor",
        "itemNameSelectColor": "itemSelectColor1",
        "itemSingerDefaultColor": "itemSingerDefaultColor",
        "itemSingerSelectColor": "itemSelectColor1"
      },
      "language": {
        "statusTextColorBlack": false,
        "background": "backgroundImage1",
        "backButton": "backIcon1",
        "title": "text20",
        "itemDefaultColor": "itemDefaultColor1",
        "itemSelectColor": "itemSelectColor2",
        "itemSelectIcon": "selectIcon1",
        "cardBackgroundColor": "cardBackgroundColor1",
        "cardAdBackgroundColor": "cardBackgroundColor",
        "adTitle": "text3",
        "adContent": "text7",
        "adButtonColor": "nativeButtonColor"
      },
      "theme": {
        "statusTextColorBlack": false,
        "background": "backgroundImage1",
        "backButton": "backIcon2",
        "title": "text41",
        "bottomMask": "maskImage1",
        "phoneContent": "phoneContentImage",
        "hintText": "text12",
        "selectionBoxColor": "selectionBoxColor1"
      },
      "setting": {
        "statusTextColorBlack": false,
        "background": "backgroundImage1",
        "backButton": "backIcon1",
        "title": "text20",
        "cardBackground": "cardBackgroundColor1",
        "togetherPlayback": "text3",
        "switch": "switch1",
        "language": "text3",
        "languageIcon": "rightUpIcon",
        "about": "text32",
        "privacyPolicy": "text3",
        "termsService": "text3"
      },
      "privacyPolicyAndService": {
        "statusTextColorBlack": false,
        "background": "backgroundImage1",
        "backButton": "backIcon1",
        "title": "text20"
      },
      "scanMusic": {
        "statusTextColorBlack": false,
        "background": "backgroundImage1",
        "backButton": "backIcon1",
        "title": "text20",
        "customScanBackground": "customScanBackground",
        "customScanText": "text36",
        "oval3": "oval3",
        "oval2": "oval2",
        "oval1": "oval1",
        "musicIcon": "musicIcon",
        "tabDefaultBackground": "tabDefaultBackground",
        "tabSelectBackground": "tabSelectBackground",
        "tabTextSelectColor": "scanItemSelectColor",
        "tabTextDefaultColor": "scanItemDefaultColor",
        "tabCheckSelectIcon": "tabCheckSelectIcon",
        "tabCheckDefaultIcon": "tabCheckDefaultIcon",
        "startScanBackground": "buttonColor1",
        "startScanText": "text38"
      },
      "scanningMusic": {
        "statusTextColorBlack": false,
        "background": "backgroundImage1",
        "title": "text20",
        "oval3": "oval3",
        "oval2": "oval2",
        "oval1": "oval1",
        "musicIcon": "musicIcon",
        "scanThumb": "scanThumb",
        "songCountText": "text3",
        "songPathText": "text37",
        "stopScanBackground": "buttonColor1",
        "stopScanText": "text38"
      },
      "customScanMusic": {
        "statusTextColorBlack": false,
        "background": "backgroundImage1",
        "backButton": "backIcon1",
        "title": "text20",
        "selectAll": "pressedColorStyle",
        "path": "pressedColorStyle",
        "pathIconColor": "pathIconColor",
        "tabDefaultBackground": "itemBackground",
        "tabSelectBackground": "tabSelectBackground",
        "itemName": "text39",
        "itemCount": "text40",
        "tabCheckSelectIcon": "tabCheckSelectIcon",
        "tabCheckDefaultIcon": "tabCheckDefaultIcon",
        "startScanBackground": "buttonColor1",
        "startScanText": "text38"
      },
      "scannedEditMusic": {
        "statusTextColorBlack": false,
        "background": "backgroundImage1",
        "title": "text20",
        "backButton": "backIcon1",
        "songsTabBackground": "cardBackground1",
        "songsScanned": "text3",
        "songsScannedCountColor": "songsScannedCountColor",
        "tabDefaultBackground": "tabDefaultBackground1",
        "tabSelectBackground": "tabSelectBackground1",
        "tabSelectText": "tabSelectColor",
        "tabDefaultText": "tabDefaultColor",
        "songsListBackground": "cardBackground1",
        "songList": "text3",
        "deleteAllBackground": "tabDefaultBackground2"
      },
      "fastScan": {
        "statusTextColorBlack": false,
        "background": "backgroundImage1",
        "scanBackground": "searchBackgroundColor",
        "scanIcon": "scanIcon2",
        "clearIcon": "clearIcon",
        "cancel": "text24",
        "searchTextColor": "searchTextColor",
        "itemNameDefaultColor": "itemNameDefaultColor",
        "itemNameSelectColor": "itemSelectColor1",
        "itemSingerDefaultColor": "itemSingerDefaultColor",
        "itemSingerSelectColor": "itemSelectColor1",
        "defaultIcon": "fastScanDefaultIcon",
        "selectIcon": "fastScanSelectIcon"
      },
      "addSongToPlaylist": {
        "background": "backgroundImage1",
        "backButton": "backIcon1",
        "title": "text20",
        "scanIcon": "scanIcon1",
        "itemNameDefaultColor": "itemNameDefaultColor",
        "itemSingerDefaultColor": "itemSingerDefaultColor",
        "defaultIcon": "fastScanDefaultIcon",
        "selectIcon": "fastScanSelectIcon"
      },
      "currentPlaylist": {
        "background": "backgroundImage1",
        "musicHeadCard": "cardBackgroundColor1",
        "upDownIcon": "upDownIcon",
        "title": "text42",
        "musicName": "text12",
        "musicSinger": "text6",
        "sequentialIcon": "sequentialIcon",
        "sequentialPlaybackText": "text15",
        "clear": "text15",
        "itemNameDefaultColor": "itemNameDefaultColor",
        "itemSingerDefaultColor": "itemSingerDefaultColor"
      },
      "musicPlay": {
        "background": "backgroundImage1",
        "musicTab": "musicSelectedTabColor",
        "eqTab": "eqSelectedTabColor"
      },
      "eq": {
        "eqDefaultCard": "cardBackgroundColor",
        "eqSwitch": "eqCardSelectColor"
      },
      "addPlaylistDialog": {
        "background": "backgroundImage3",
        "title": "text43",
        "newPlaylistBackground": "newPlaylistButtonBackgroundColor",
        "newPlaylist": "text44",
        "cardBackground": "cardBackgroundColor1",
        "itemName": "text3",
        "itemCount": "text5",
        "itemSelect": "fastScanSelectIcon",
        "cancelButton": "buttonColor2",
        "cancelText": "text13",
        "okBackgroundEnable": "buttonColor3",
        "okBackgroundNoEnable": "buttonColor2",
        "okTextEnable": "textColor2",
        "okTextNoEnable": "text13"
      },
      "musicEditDialog": {
        "background": "backgroundImage3",
        "cardBackground": "cardBackgroundColor1",
        "musicName": "text3",
        "musicSinger": "text5",
        "tabText": "text3",
        "closeBackground": "buttonColor2",
        "closeText": "text8"
      },
      "createPlaylistDialog": {
        "backgroundColor": "cardBackgroundColor2",
        "title": "text43",
        "editTextBackground": "editTextBackground1",
        "cancelBackground": "buttonColor2",
        "cancelText": "text13",
        "okBackground": "buttonColor3",
        "okText": "text12"
      },
      "deleteMusicDialog": {
        "background": "backgroundImage4",
        "title": "text43",
        "hint": "text3",
        "checkBoxDefault": "checkBoxDefaultColor",
        "checkBoxSelect": "checkBoxSelectColor",
        "deleteSongFileHint": "text15",
        "cancelBackground": "buttonColor2",
        "cancelText": "text13",
        "okBackground": "buttonColor3",
        "okText": "text12"
      },
      "musicInfoDialog": {
        "background": "backgroundImage3",
        "cardBackground": "cardBackgroundColor",
        "musicName": "text3",
        "musicSinger": "text5",
        "details": "text10",
        "tabName": "text3",
        "tabContent": "text11",
        "path": "text14",
        "closeBackground": "buttonColor2",
        "closeText": "text8"
      },
      "playlistEditDialog": {
        "background": "backgroundImage4",
        "cardBackground": "cardBackgroundColor",
        "musicName": "text3",
        "musicSinger": "text5",
        "rename": "text3",
        "delete": "text3",
        "closeBackground": "buttonColor1",
        "closeText": "text8"
      },
      "musicSortDialog": {
        "background": "backgroundImage5",
        "title": "text43",
        "card": "cardBackgroundColor",
        "sortIcon": "sortIcon1",
        "itemSelectColor": "sortItemSelectColor",
        "confirmBackground": "buttonColor2",
        "confirmText": "text8"
      },
      "ratingStarDialog": {
        "background": "backgroundImage6",
        "closeIcon": "closeIcon",
        "logo": "starLogo",
        "title1": "text35",
        "title2": "text16",
        "starDefault": "star1",
        "starSelect": "star2",
        "ratingButtonColor": "buttonColor3",
        "ratingButtonText": "text20"
      },
      "eqPresetDialog": {
        "background": "backgroundImage7",
        "title": "text28",
        "itemDefaultBackground": "cardBackgroundColor",
        "itemSelectBackground": "cardBackgroundColor3",
        "itemIconDefaultColor": "itemIconDefaultColor",
        "itemIconSelectColor": "itemIconSelectColor",
        "itemTextDefaultColor": "itemTextDefaultColor",
        "itemTextSelectColor": "itemTextSelectColor",
        "itemEditIcon": "editIcon"
      },
      "presetSaveDialog": {
        "backgroundColor": "cardBackgroundColor2",
        "title": "text43",
        "editTextBackground": "editTextBackground1",
        "cancelBackground": "buttonColor2",
        "cancelText": "text13",
        "okBackground": "buttonColor3",
        "okText": "text12"
      },
      "presetEditDialog": {
        "background": "backgroundImage4",
        "cardBackground": "cardBackgroundColor",
        "musicName": "text3",
        "musicSinger": "text5",
        "rename": "text3",
        "delete": "text3",
        "closeBackground": "buttonColor1",
        "closeText": "text8"
      }
    }
  ]
}








